品类,盒马,永辉,沃尔玛,华润万家,菜市场,备注
三文鱼,,,,,,
黑鱼/草鱼,,,,,,
鲈鱼,,,,,,
虾,,,,,,
牛肉,,,,,,
鸡胸肉,,,,,,
鸡腿,,,,,,
鸡翅,,,,,,
猪五花肉,,,,,,
猪排骨,,,,,,
猪里脊,,,,,,
猪肉末,,,,,,
鸡蛋,,,,,,
嫩豆腐,,,,,,
大白菜,,,,,,
番茄,,,,,,
青椒,,,,,,
土豆,,,,,,
胡萝卜,,,,,,
洋葱,,,,,,
豆芽,,,,,,
蒜苗,,,,,,
口蘑,,,,,,
生菜,,,,,,
香菜,,,,,,
菠菜,,,,,,
木耳,,,,,,
郫县豆瓣酱,,,,,,
干辣椒,,,,,,
花椒,,,,,,
八角,,,,,,
咖喱粉,,,,,,
迷迭香,,,,,,
百里香,,,,,,
罗勒,,,,,,
黑胡椒,,,,,,
味噌,,,,,,
味醂,,,,,,
日本酱油,,,,,,
韩式辣酱,,,,,,
冬阴功酱,,,,,,
鱼露,,,,,,
椰浆,,,,,,
寿司醋,,,,,,
橄榄油,,,,,,
黄油,,,,,,
淡奶油,,,,,,
帕玛森芝士,,,,,,
意大利面,,,,,,
海苔,,,,,,
叉烧酱,,,,,,
蒸鱼豉油,,,,,,
老抽,,,,,,
蚝油,,,,,,
